{
  "config": {
    "verbose": 1,
    "datadir": "./",
    "max_elapsed": 1200,
    "max_it": 1000,
    "intvl_ptcl": 1001,
    "intvl_mom": 50,
    "intvl_orb": 1001
  },
  "parameter": {
    "num_process": 4,
    "n_ppc": 20,
    "n_x": 256,
    "n_y": 256,
    "mass_ratio": 0.1E+1,
    "sigma_e": 0.0E+0,
    "omega_pe": 0.10000000000000001E+0,
    "v_the": 0.10000000000000001E+0,
    "v_thi": 0.10000000000000001E+0,
    "t_ani": 0.5E+1
  }
}
